mode,n_seeds,cv_accuracy_mean_all_models_mean,cv_accuracy_mean_all_models_std,cv_accuracy_mean_all_models_min,cv_accuracy_mean_all_models_max,cv_accuracy_mean_top_models_mean,cv_accuracy_mean_top_models_std,cv_accuracy_mean_top_models_min,cv_accuracy_mean_top_models_max,test_accuracy_mean,test_accuracy_std,test_accuracy_min,test_accuracy_max,test_auc_mean,test_auc_std,test_auc_min,test_auc_max,test_f1_mean,test_f1_std,test_f1_min,test_f1_max,test_kappa_mean,test_kappa_std,test_kappa_min,test_kappa_max,cv_minus_test_accuracy_mean,cv_minus_test_accuracy_std,cv_minus_test_accuracy_min,cv_minus_test_accuracy_max
compat,50,0.9542567940835783,0.02595185939515357,0.8838634946092845,0.9965249933172949,0.9713907154949658,0.04419361977261121,0.8588790875879889,1.0,0.6933333333333332,0.08266169248439072,0.5,0.8333333333333334,0.6564615384615385,0.10399123536029105,0.38461538461538464,0.8923076923076922,0.5583022078074359,0.11354636108077441,0.3333333333333333,0.8036363636363637,0.14039634710730062,0.21752445974847257,-0.3278688524590163,0.6086956521739131,0.27805738216163234,0.0856921193330749,0.08110130981021113,0.5
leak-safe,50,0.634430303030303,0.03637146328877158,0.5736363636363636,0.7178787878787879,0.6633454545454547,0.045958817321201155,0.5848484848484848,0.7812121212121212,0.64,0.09927933822928184,0.4444444444444444,0.8333333333333334,0.644923076923077,0.11645614440992275,0.38461538461538464,0.9076923076923077,0.5677873804263651,0.10180772591760395,0.35714285714285715,0.8036363636363637,0.1588340949043655,0.1958190024978155,-0.26315789473684204,0.6086956521739131,0.02334545454545454,0.1109696380877468,-0.20727272727272728,0.2707070707070708
