metric,compat_minus_safe_mean,compat_minus_safe_std,compat_minus_safe_min,compat_minus_safe_max
cv_accuracy_mean_all_models,0.3198264910532754,0.03928095331842954,0.24764614873676638,0.38807505690424704
cv_accuracy_mean_top_models,0.3080452609495112,0.07134735046147182,0.14158359861647762,0.4097786202036402
test_accuracy,0.05333333333333332,0.09652568759054457,-0.2222222222222222,0.2222222222222222
test_auc,0.011538461538461537,0.08464035595564062,-0.24615384615384617,0.18461538461538463
test_f1,-0.009485172618929274,0.11219513677470952,-0.3656633221850613,0.17370629370629376
test_kappa,-0.018437747797064905,0.2216640026453504,-0.7434532680434319,0.34314381270903027
cv_minus_test_accuracy,0.2547119276161778,0.10689867949101535,0.057226636857751534,0.5340121341725191
